{
  "size": 401,
  "accuracy": 0.8778054862842892,
  "macro_f1": 0.8734975052309673,
  "confusion_matrix": [
    [
      213,
      13
    ],
    [
      36,
      139
    ]
  ],
  "llm_calls": 108,
  "llm_overrides": 13,
  "local_only": 293
}