{
  "size": 401,
  "accuracy": 0.8802992518703242,
  "macro_f1": 0.8757167209050054,
  "confusion_matrix": [
    [
      215,
      11
    ],
    [
      37,
      138
    ]
  ],
  "llm_calls": 0,
  "local_only": 331
}